"Component Count:","9"
" "
"Ref","Qnty","Cmp name","Value","LCSC","DigiKey","Footprint","Description"
"C1, ","1","C","100nF","C14663","","Capacitor_SMD:C_0603_1608Metric","Unpolarized capacitor"
"C2, ","1","C","4.7uF","C107153","","Capacitor_SMD:C_0805_2012Metric","Unpolarized capacitor"
"D1, ","1","D_Schottky","D_Schottky","C3040450","","Diode_SMD:D_SMA","Schottky diode"
"F1, ","1","Polyfuse","Polyfuse","C2977524 (random choice)","","tinker:F1206","Resettable fuse, polymeric positive temperature coefficient"
"R1, R2, R3, ","3","R","10k","C25804","","Resistor_SMD:R_0603_1608Metric","Resistor"
"R4, ","1","R","330R","C23138","","Resistor_SMD:R_0603_1608Metric","Resistor"
"U1, ","1","ATtiny817-M","ATtiny1617","C1340514","","Package_DFN_QFN:QFN-24-1EP_4x4mm_P0.5mm_EP2.6x2.6mm","20MHz, 8kB Flash, 512B SRAM, 128B EEPROM, VQFN-24"
